Sender,Recipient,Message,Timestamp
user1,sana,hi,2024-12-24 15:19:19.587547
user1,sana,hi,2024-12-24 15:19:27.062822
user1,sana,hi,2024-12-24 15:19:35.318093
syed,syeddsalma,hi,2025-01-02 19:09:37.506237
syed,syeddsalma,hi',2025-01-02 19:09:43.080596
syed,syeddsalma,hi',2025-01-02 19:09:58.227141
syed,syeddsalma,hi',2025-01-02 19:10:14.216012
syed,syeddsalma,hi',2025-01-02 19:10:23.976537
syed,syeddsalma,hi',2025-01-02 19:10:37.400093
syed,syeddsalma,hi',2025-01-02 19:11:00.913669
syed,syeddsalma,hi',2025-01-02 19:11:02.820325
syed,syeddsalma,hi',2025-01-02 19:11:18.127791
syeddsalma,sana,hi',2025-01-02 19:11:23.175765
syeddsalma,syed,hi',2025-01-02 19:11:58.112333
syeddsalma,syed,hi',2025-01-02 19:13:10.816468
syed,sana,hi,2025-01-02 19:16:17.797961
syed,sana,hi,2025-01-02 19:16:24.255926
syed,sana,hi,2025-01-02 19:16:34.158546
syed,sana,hi,2025-01-02 19:16:40.781164
syed,sana,hi,2025-01-02 19:16:44.484679
syed,syeddsalma,hi,2025-01-02 19:16:47.639715
syed,syeddsalma,hi,2025-01-02 19:17:03.304541
syed,syeddsalma,hi,2025-01-02 19:17:11.719776
syed,syeddsalma,hi,2025-01-02 19:17:19.167332
12,syeddsalma,hi,2025-01-02 19:17:28.355808
user1,syeddsalma,hi,2025-01-02 19:58:20
user1,syed,hi,2025-01-02 19:58:23
